soc_code,title,COMM,RESP,PROB,GROW,STRE,ADAP
11-1011.00,최고 경영자,3.92,4.62,3.81,3.19,4.32,3.49
11-1021.00,총괄 및 운영 관리자,3.62,4.64,3.27,2.88,4.39,3.25
11-2011.00,광고 및 프로모션 관리자,3.58,4.37,3.31,2.88,4.26,3.27
11-2021.00,마케팅 매니저,3.46,4.27,3.32,3.11,3.94,3.34
11-2033.00,모금 관리자,3.59,4.36,3.17,2.64,4.14,3.34
11-3012.00,행정 서비스 관리자,3.47,4.44,3.05,2.71,4.49,2.99
11-3013.00,시설 관리자,3.49,4.51,3.13,2.67,4.57,3.03
11-3021.00,컴퓨터 및 정보 시스템 관리자,3.51,4.48,3.41,2.98,4.13,3.03
11-3031.00,재무 관리자,3.6,4.37,3.43,2.94,4.14,3.25
11-3031.03,투자 펀드 매니저,3.29,4.58,3.42,2.91,4.33,2.83
11-3051.00,산업 생산 관리자,3.54,4.46,3.4,3.27,4.27,3.08
11-3051.01,품질 관리 시스템 관리자,3.56,4.49,3.5,3.02,4.22,3.02
11-3051.02,지열 생산 관리자,3.42,4.35,3.31,2.87,4.27,2.95
11-3051.03,바이오연료 생산 관리자,3.36,4.38,3.19,2.93,4.07,3.05
11-3051.04,바이오매스 발전소 관리자,3.43,4.22,3.44,2.69,4.33,2.84
11-3051.06,수력발전 생산 관리자,3.44,4.31,3.28,3.13,4.07,3.04
11-9031.00,유아 및 어린이집 교육 관리자,3.59,4.4,3.36,3.17,4.61,3.39
11-9032.00,유치원부터 중등 교육까지의 교육 관리자,4.02,4.39,3.76,3.78,4.36,3.69
11-9033.00,고등 교육 관리자,3.63,4.49,3.45,3.34,4.31,3.36
11-9041.00,건축 및 엔지니어링 관리자,3.5,4.46,3.46,3.03,4.2,3.06
11-9041.01,바이오연료/바이오디젤 기술 및 제품 개발 관리자,3.12,4.14,3.36,2.78,3.9,2.86
11-9051.00,급식 관리자,3.54,4.3,2.98,2.79,4.36,3.2
11-9071.00,도박 관리자,3.5,4.51,3.24,2.94,4.46,3.35
11-9072.00,오락 및 레크리에이션 관리자 (도박 제외),3.61,4.45,3.02,2.94,4.18,3.31
11-9081.00,숙소 관리자,3.7,4.84,3.16,3.12,4.77,3.61
11-9121.00,자연 과학 관리자,3.48,4.47,3.59,3.29,4.2,3.06
11-9121.01,임상 연구 코디네이터,3.65,4.49,3.32,2.94,4.46,3.1
11-9131.00,우체국장 및 우편 감독관,3.48,4.56,3.02,2.79,4.5,3.22
11-9151.00,사회 및 커뮤니티 서비스 관리자,3.64,4.61,3.38,3.24,4.63,3.54
11-9171.00,장례식장 관리자,3.33,4.49,2.84,2.51,4.4,3.38
11-9179.02,스파 매니저,3.57,4.53,3.17,3.06,4.46,3.4
11-9199.02,컴플라이언스 매니저,3.46,4.59,3.41,3.07,4.48,3.05
11-9199.09,풍력 에너지 운영 관리자,3.44,4.19,3.27,2.7,3.93,3.13
11-9199.10,풍력 에너지 개발 관리자,3.35,4.19,3.35,2.76,3.92,3.03
13-1011.00,"예술가, 공연자 및 운동선수의 에이전트 및 사업 관리자",3.52,4.4,3.16,2.65,3.71,3.23
13-1021.00,농산물 구매자 및 구매 대리인,3.22,4.39,2.94,2.5,4.27,2.88
13-1022.00,"도매 및 소매 구매자, 농산물 제외",3.35,4.16,3.05,2.84,3.94,3.15
13-1031.00,"청구 조정자, 검사관 및 조사관",3.43,4.55,3.36,2.55,4.52,2.93
13-1032.00,자동차 손상 보험 감정사,3.05,4.08,2.9,2.05,3.92,2.69
13-1041.03,평등 기회 대표 및 담당자,3.43,4.45,3.47,3.01,4.39,3.21
13-1041.04,정부 재산 검사관 및 조사관,3.44,4.35,3.41,2.79,4.31,2.99
13-1071.00,인사 전문가,3.51,4.38,3.11,2.75,4.48,3.04
13-1074.00,농장 노동 계약자,3.04,3.99,2.52,1.96,3.52,2.53
13-1121.00,"회의, 컨벤션 및 이벤트 기획자",3.69,4.6,3.22,2.51,4.71,3.42
13-1199.06,온라인 상인,3.02,4.27,2.87,2.32,3.62,2.91
13-2031.00,예산 분석가,3.04,4.51,3.22,2.46,4.05,2.65
13-2072.00,대출 담당자,3.3,4.24,3.14,2.49,3.92,2.84
13-2081.00,"세무 조사관 및 징수원, 세무 대리인",3.31,4.38,3.17,2.74,4.37,2.71
15-1211.00,컴퓨터 시스템 분석가,3.16,3.8,3.36,2.94,3.24,2.66
15-1212.00,정보 보안 분석가,3.2,4.41,3.4,2.78,3.98,2.64
15-1221.00,컴퓨터 및 정보 연구 과학자,3.26,3.84,3.61,3.12,3.31,2.74
15-1231.00,컴퓨터 네트워크 지원 전문가,3.08,4.36,3.15,2.65,4.24,2.56
15-1232.00,컴퓨터 사용자 지원 전문가,3.33,4.5,3.07,2.7,4.27,2.73
15-1242.00,데이터베이스 관리자,3.14,4.07,3.4,2.94,3.68,2.64
15-1244.00,네트워크 및 컴퓨터 시스템 관리자,3.16,4.39,3.33,2.78,3.94,2.76
15-1251.00,컴퓨터 프로그래머,3.12,4.58,3.25,2.42,4.01,2.6
15-1252.00,소프트웨어 개발자,3.04,4.15,3.21,2.73,3.69,2.73
15-2099.01,생물정보학 기술자,2.99,3.92,3.12,2.77,3.33,2.56
17-1021.00,지도 제작자 및 사진 측량사,2.87,4.07,2.98,2.67,3.17,2.5
17-2011.00,항공우주 엔지니어,3.27,4.2,3.57,3.11,3.64,2.79
17-2071.00,전기 엔지니어,3.33,4.22,3.48,2.95,3.77,2.7
17-2072.00,전자 엔지니어 (컴퓨터 제외),3.18,4.31,3.48,2.78,3.5,2.73
17-2072.01,무선 주파수 식별 장치 전문가,3.2,4.25,3.27,2.64,4.04,2.82
17-2112.00,산업 엔지니어,3.3,4.4,3.45,2.73,4.19,2.66
17-2141.00,기계 엔지니어,3.19,4.25,3.52,2.96,4.17,2.69
17-2151.00,"광산 및 지질 공학자, 광산 안전 공학자 포함",3.4,4.18,3.65,2.99,3.78,2.72
17-2171.00,석유 엔지니어,3.39,4.22,3.45,2.92,3.8,2.9
17-2199.05,메카트로닉스 엔지니어,3.06,4.11,3.44,2.83,3.75,2.65
17-2199.06,마이크로시스템 엔지니어,3.17,4.21,3.47,2.98,3.64,2.77
17-2199.10,풍력 에너지 엔지니어,3.09,4.39,3.3,2.62,4.1,2.82
17-3012.00,전기 및 전자 설계사,2.97,3.97,2.92,2.49,3.58,2.58
17-3013.00,기계 제도사,3.0,4.22,2.79,2.69,3.9,2.44
17-3021.00,항공우주 엔지니어링 및 운영 기술자 및 기술자,2.99,4.51,3.29,2.52,3.9,2.66
17-3022.00,토목 공학 기술자 및 기술자,3.2,4.41,3.12,2.29,4.0,2.56
17-3024.00,전기기계 및 메카트로닉스 기술자 및 기술자,2.86,4.42,3.12,2.62,3.87,2.3
17-3025.00,환경 공학 기술자 및 기술자,3.16,4.05,3.27,2.92,3.64,2.68
17-3026.00,산업공학 기술자 및 기술자,3.13,4.17,3.37,2.62,4.07,2.67
17-3027.00,기계 공학 기술자 및 기술자,3.08,4.01,3.25,2.58,3.51,2.71
19-1023.00,동물학자 및 야생 생물학자,3.37,4.29,3.39,2.88,3.85,2.92
19-1029.01,생물정보학 과학자,3.31,4.5,3.63,3.06,3.26,2.92
19-1029.04,생물학자,3.29,4.42,3.6,3.27,3.74,2.68
19-1031.02,레인지 매니저,3.32,4.15,3.34,2.68,3.85,2.85
19-1031.03,공원 자연 해설사,3.47,3.97,2.94,2.81,4.23,3.02
19-1032.00,임업인,3.39,4.08,3.36,2.71,3.69,2.9
19-1042.00,의료 과학자 (역학자를 제외한),3.4,4.18,3.74,3.46,3.87,2.79
19-2012.00,물리학자,3.27,4.1,3.86,3.84,3.26,2.81
19-2031.00,화학자,3.21,4.28,3.54,2.95,3.91,2.45
19-2041.00,환경 과학자 및 전문가(건강 포함),3.43,4.24,3.56,3.11,3.85,2.86
19-3034.00,학교 심리학자,3.8,4.72,3.48,3.17,4.64,3.52
19-3093.00,역사학자,3.3,4.04,3.18,3.17,3.23,2.51
19-4012.00,농업 기술자,2.87,4.09,2.87,2.59,3.38,2.54
19-4013.00,식품 과학 기술자,2.95,4.17,2.89,2.56,3.68,2.3
19-4021.00,생물학 기술자,3.05,4.37,3.21,2.78,3.96,2.29
19-4031.00,화학 기술자,2.96,4.14,3.2,2.79,3.38,2.52
19-4051.02,핵 모니터링 기술자,3.03,4.21,3.3,2.67,3.83,2.65
19-4061.00,사회과학 연구 보조원,3.19,4.53,2.97,2.73,4.08,2.54
19-4071.00,산림 및 보존 기술자,3.16,4.22,3.0,2.57,3.81,2.84
19-4092.00,법의학 과학 기술자,3.14,4.3,3.37,2.87,3.58,2.76
19-4099.01,품질 관리 분석가,2.97,4.42,3.01,2.54,3.96,2.63
19-4099.03,원격 감지 기술자,3.03,4.15,3.14,2.6,3.59,2.53
21-1011.00,물질 남용 및 행동 장애 상담사,3.77,4.67,3.39,3.13,4.69,3.59
21-1012.00,"교육, 지도 및 진로 상담사와 조언자",3.7,4.21,3.34,3.26,4.19,3.55
21-1013.00,결혼 및 가족 치료사,3.82,4.45,3.51,3.15,4.73,3.71
21-1015.00,재활 상담사,3.56,4.49,3.22,2.81,4.25,3.5
21-1021.00,"아동, 가족 및 학교 사회복지사",3.79,4.19,3.42,2.85,4.22,3.58
21-1023.00,정신 건강 및 약물 남용 사회복지사,3.68,4.37,3.54,3.14,4.59,3.7
21-1091.00,건강 교육 전문가,3.54,4.49,3.1,3.35,4.14,3.14
21-1092.00,집행유예관 및 교정 치료 전문가,3.4,4.38,3.33,2.46,4.54,3.23
21-1093.00,사회복지 및 인적 서비스 보조원,3.6,4.39,3.1,2.65,4.38,3.4
21-1094.00,지역사회 건강 근로자,3.65,4.38,3.13,3.07,4.27,3.5
21-2011.00,성직자,3.89,4.54,3.36,3.23,4.46,3.7
21-2021.00,종교 활동 및 교육 이사,3.64,4.46,3.17,3.29,4.54,3.38
23-1011.00,변호사,3.72,4.66,3.65,3.01,4.36,3.39
23-1012.00,사법 법원 서기,3.14,4.5,3.34,2.96,3.56,2.65
23-1021.00,"행정법 판사, 판결자 및 청문관",3.53,4.49,3.67,2.94,4.64,3.06
23-1023.00,"판사, 치안 판사 및 치안 판사",3.73,4.76,3.95,3.03,4.9,3.09
23-2011.00,법률 보조원 및 법률 사무원,3.17,4.56,2.74,2.27,4.18,2.74
23-2093.00,"타이틀 심사관, 초록 작성자 및 검색자",3.06,4.16,2.82,2.28,3.82,2.53
25-1011.00,대학 비즈니스 교수,3.48,4.58,3.25,3.6,4.23,2.85
25-1021.00,대학 컴퓨터 과학 교수,3.49,4.51,3.3,3.46,4.06,3.02
25-1022.00,대학 수학 과학 교사,3.36,4.32,3.22,3.4,3.93,2.7
25-1031.00,대학 건축 교수,3.57,4.45,3.4,3.59,4.3,2.97
25-1032.00,대학 공학 교수,3.49,4.49,3.24,3.43,4.1,2.82
25-1041.00,"농업 과학 교사, 대학 이상",3.72,4.45,3.38,3.66,4.32,2.85
25-1042.00,"생물학 교사, 대학 이상",3.39,4.54,3.29,3.62,4.15,2.89
25-1043.00,대학원 임업 및 보존 과학 교수,3.46,4.65,3.33,3.52,4.64,2.91
25-1051.00,"대학의 대기, 지구, 해양 및 우주 과학 교수",3.49,4.33,3.42,3.46,4.08,2.84
25-1052.00,대학 화학 교수,3.33,4.46,3.43,3.43,3.92,2.89
25-1053.00,대학 환경 과학 교수,3.43,4.43,3.32,3.49,3.99,2.84
25-1054.00,대학 물리학 교수,3.47,4.29,3.44,3.56,3.88,2.79
25-1062.00,"지역, 민족 및 문화 연구 교수, 대학 이상",3.47,4.45,3.15,3.43,4.21,2.93
25-1063.00,대학 경제학 교수,3.24,4.21,3.23,3.36,3.68,2.55
25-1064.00,"지리 교사, 대학 이상",3.35,4.5,3.22,3.37,3.75,2.75
25-1065.00,대학 정치학 교수,3.43,4.33,3.14,3.4,4.22,2.91
25-1066.00,대학 심리학 교수,3.62,4.71,3.3,3.75,4.44,3.02
25-1067.00,대학 사회학 교수,3.42,4.52,3.18,3.56,4.38,2.91
25-1071.00,대학 건강 전문 교사,3.59,4.39,3.27,3.45,4.14,2.89
25-1072.00,"간호 교육자 및 교사, 고등 교육",3.76,4.69,3.36,3.47,4.43,3.16
25-1081.00,고등교육 교사,3.54,4.39,3.35,3.59,3.86,2.8
25-1082.00,대학 도서관학 교사,3.52,4.33,3.28,3.56,4.08,2.87
25-1111.00,대학 이상의 범죄학 및 법 집행 교사,3.59,4.42,3.22,3.43,4.41,2.86
25-1112.00,대학 법학 교수,3.57,4.58,3.42,3.71,4.12,2.85
25-1113.00,대학 사회복지 교수,3.7,4.56,3.36,3.81,4.5,3.1
25-1121.00,"대학 예술, 드라마 및 음악 교사",3.58,4.4,3.04,3.55,4.26,2.9
25-1122.00,대학 커뮤니케이션 교수,3.49,4.61,3.18,3.56,4.4,2.96
25-1123.00,대학 영어 및 문학 교수,3.57,4.42,3.16,3.58,4.32,2.95
25-1124.00,대학 외국어 및 문학 교수,3.44,4.29,3.05,3.4,4.48,2.76
25-1125.00,대학 역사 교사,3.5,4.43,3.16,3.47,4.21,2.94
25-1126.00,대학 철학 및 종교 교수,3.45,4.41,3.26,3.51,3.85,2.79
25-1192.00,"가정 및 소비자 과학 교사, 고등 교육",3.52,4.49,3.04,3.4,4.33,2.78
25-1193.00,대학 수준 레크리에이션 및 피트니스 연구 교수,3.46,4.51,3.12,3.27,4.36,2.9
25-1194.00,"직업/기술 교육 교사, 고등 교육",3.41,4.56,2.98,3.4,4.37,2.87
25-2011.00,유아교사 (특수교육 제외),3.44,4.39,2.84,3.0,4.61,3.12
25-2012.00,유치원 교사 (특수 교육 제외),3.56,4.71,2.99,3.06,4.56,3.3
25-2021.00,일반 초등학교 교사,3.66,4.76,3.23,3.5,4.6,3.32
25-2022.00,중학교 교사 (특수 및 직업/기술 교육 제외),3.67,4.48,3.13,3.46,4.66,3.14
25-2023.00,중학교 직업/기술 교육 교사,3.51,4.46,3.16,3.21,4.43,3.08
25-2031.00,"중등학교 교사, 특수교육 및 직업/기술 교육 제외",3.55,4.41,3.22,3.39,4.65,3.12
25-2032.00,중등학교 직업/기술 교육 교사,3.62,4.32,3.37,3.45,4.54,3.26
25-2051.00,유치원 특수 교육 교사,3.62,4.57,3.28,3.23,4.64,3.28
25-2056.00,초등학교 특수 교육 교사,3.64,4.88,3.32,3.38,4.83,3.31
25-2057.00,중학교 특수교육 교사,3.72,4.73,3.25,3.45,4.86,3.33
25-2058.00,중학교 특수교육 교사,3.67,4.59,3.27,3.42,4.55,3.32
25-3011.00,"성인 기초 교육, 성인 중등 교육 및 제2외국어로서의 영어 강사",3.33,4.26,2.92,3.09,4.18,3.02
25-3021.00,자기계발 교사,3.22,4.42,2.6,2.81,4.29,2.85
25-3031.00,단기 대체 교사,3.21,4.32,2.73,2.58,4.46,2.93
25-4012.00,큐레이터,3.39,4.47,3.33,3.05,3.89,2.89
25-4013.00,박물관 기술자 및 보존가,3.12,4.35,2.8,2.56,3.61,2.56
25-4022.00,사서 및 미디어 컬렉션 전문가,3.29,4.36,2.74,2.63,4.12,2.88
25-4031.00,도서관 기술자,3.0,4.3,2.44,2.5,4.3,2.6
25-9031.00,교육 과정 조정자,3.66,4.45,3.38,3.62,4.12,3.3
25-9042.00,"유치원, 초등학교, 중학교 및 고등학교의 교육 보조원 (특수 교육 제외)",3.3,4.1,2.79,2.76,4.33,3.1
25-9043.00,특수 교육 조교,3.34,4.25,2.75,2.79,4.54,3.1
25-9044.00,대학 교육 조교,3.17,4.27,2.76,2.78,4.13,2.71
27-1011.00,아트 디렉터,3.53,4.42,3.21,2.86,4.16,3.02
27-1013.00,"미술가, 화가, 조각가 및 일러스트레이터 포함",2.69,4.54,2.59,2.44,4.15,2.44
27-1014.00,특수 효과 아티스트 및 애니메이터,3.2,4.21,2.98,2.64,3.94,2.69
27-1021.00,상업 및 산업 디자이너,3.21,4.21,3.27,2.67,3.39,2.81
27-1022.00,패션 디자이너,3.43,4.03,3.06,2.85,3.7,3.19
27-1023.00,플로럴 디자이너,3.12,4.13,2.54,2.21,3.63,2.83
27-1026.00,상품 디스플레이 및 윈도우 트리머,2.98,4.18,2.65,2.21,3.89,2.72
27-2011.00,배우,3.49,4.4,2.53,2.26,4.58,2.77
27-2012.00,프로듀서 및 감독,3.78,4.56,3.31,2.84,4.25,3.08
27-2012.03,미디어 프로그래밍 이사,3.6,4.37,3.36,2.97,3.96,3.08
27-2012.04,인재 이사,3.52,4.5,3.07,2.46,4.17,3.02
27-2012.05,미디어 기술 이사/매니저,3.6,3.97,3.3,2.93,4.41,3.0
27-2021.00,선수 및 스포츠 경쟁자,3.31,4.33,2.82,2.54,4.5,2.71
27-2022.00,코치 및 스카우트,3.66,4.32,3.34,3.43,4.26,3.5
27-2031.00,무용수,3.06,4.15,2.28,2.32,4.15,2.62
27-2041.00,음악 감독 및 작곡가,3.35,4.56,2.93,2.67,4.05,2.85
27-2042.00,음악가 및 가수,3.07,4.2,2.38,2.28,4.12,2.64
27-3011.00,방송 아나운서 및 라디오 디스크 자키,3.51,4.52,2.83,2.22,4.25,2.99
27-3041.00,편집자,3.34,4.33,3.0,2.73,4.08,2.85
27-3042.00,기술 작가,3.13,4.4,2.91,2.49,3.83,2.43
27-3043.00,작가 및 저자,3.31,4.44,2.82,2.63,4.24,3.05
27-3091.00,통역사 및 번역사,3.41,4.38,2.82,2.62,4.14,2.83
27-3092.00,법원 속기사 및 동시 자막 작성자,2.89,4.78,2.21,1.86,4.69,2.05
27-4011.00,오디오 및 비디오 기술자,2.96,4.22,2.96,2.51,4.14,2.75
27-4012.00,방송 기술자,2.97,4.02,2.92,2.59,3.87,2.46
27-4031.00,"카메라 운영자, 텔레비전, 비디오 및 영화",3.06,4.36,2.77,2.46,3.79,2.75
27-4032.00,영화 및 비디오 편집자,3.24,4.79,2.86,2.54,4.86,2.71
29-1011.00,척추지압사,3.45,4.45,3.47,2.81,4.6,3.15
29-1021.00,일반 치과의사,3.48,4.4,3.76,3.22,4.24,3.37
29-1022.00,구강악안면외과 의사,3.52,4.84,3.74,3.1,4.75,3.15
29-1023.00,치열교정의,3.63,4.7,3.51,3.09,4.5,3.18
29-1024.00,보철과 의사,3.36,4.64,3.42,2.59,4.26,2.9
29-1051.00,약사,3.56,4.48,3.42,3.02,4.5,3.12
29-1071.01,마취과 보조사,3.42,4.75,3.22,2.82,4.8,2.91
29-1081.00,족부 전문의,3.52,4.71,3.71,3.31,4.52,3.1
29-1123.00,물리치료사,3.64,4.49,3.3,2.7,4.51,3.34
29-1124.00,방사선 치료사,3.33,4.54,2.99,2.54,4.38,2.93
29-1126.00,호흡 치료사,3.47,4.62,3.25,2.87,4.72,3.14
29-1127.00,언어치료사,3.65,4.59,3.48,3.46,4.64,3.33
29-1131.00,수의사,3.56,4.64,3.57,3.07,4.55,3.01
29-1141.00,등록 간호사,3.69,4.41,3.5,3.07,4.31,3.34
29-1211.00,마취과 의사,3.45,4.65,3.9,3.06,4.42,3.16
29-1213.00,피부과 의사,3.54,4.67,3.68,2.99,4.49,3.38
29-1215.00,가정의학과 의사,3.65,4.81,3.84,3.11,4.46,3.34
29-1216.00,일반 내과 의사,3.49,4.54,3.84,3.11,4.34,3.36
29-1217.00,신경과 의사,3.75,4.64,3.98,3.37,4.6,3.43
29-1218.00,산부인과 의사,3.7,4.68,4.01,3.33,4.63,3.16
29-1221.00,"소아과 의사, 일반",3.64,4.6,3.81,3.13,4.49,3.28
29-1222.00,"의사, 병리학자",3.39,4.67,3.99,3.3,4.31,2.86
29-1223.00,정신과 의사,3.84,4.46,3.69,3.43,4.49,3.68
29-1224.00,방사선과 의사,3.54,4.53,3.85,3.23,4.07,3.13
29-1229.01,알레르기 전문의 및 면역학자,3.53,4.66,3.76,3.4,4.62,3.32
29-1229.03,비뇨기과 의사,3.65,4.92,3.86,3.05,4.71,3.26
29-1229.04,재활의학과 의사,3.75,4.74,3.69,3.16,4.64,3.43
29-1229.06,스포츠 의학 의사,3.69,4.64,3.76,3.35,4.06,3.45
29-1241.00,소아를 제외한 안과 의사,3.67,4.68,3.86,3.3,4.54,3.42
29-1292.00,치과 위생사,3.29,4.49,2.8,2.51,4.53,2.88
29-2011.00,의료 및 임상 실험실 기술자,3.12,4.48,3.43,2.77,4.12,2.76
29-2012.00,의료 및 임상 실험실 기술자,3.05,4.52,2.81,2.58,4.17,2.64
29-2031.00,심혈관 기술자 및 기술자,3.34,4.35,3.16,2.64,4.43,2.87
29-2032.00,진단 의료 초음파 기술자,3.42,4.63,2.94,2.69,4.57,2.98
29-2033.00,핵의학 기술자,3.37,4.37,3.04,2.56,4.29,2.9
29-2034.00,방사선사 및 기술자,3.25,4.38,2.89,2.39,4.48,2.83
29-2051.00,영양사 보조원,3.19,4.55,2.78,2.67,4.63,2.96
29-2052.00,약국 기술자,3.25,4.37,2.75,2.57,4.33,2.66
29-2053.00,정신과 기술자,3.59,4.45,3.11,2.65,4.76,3.31
29-2055.00,수술 기술자,3.15,4.41,2.76,2.59,4.54,2.73
29-2056.00,수의학 기술자 및 기술자,3.28,4.4,3.2,2.6,4.43,2.83
29-2061.00,면허 실무 간호사 및 면허 직업 간호사,3.63,4.4,3.2,2.76,4.47,3.33
29-2092.00,보청기 전문가,3.25,4.72,2.79,2.62,4.4,3.07
29-2099.08,환자 대표,3.67,4.66,2.99,2.66,4.83,3.52
29-9091.00,운동 트레이너,3.42,4.63,3.34,3.12,4.56,3.2
29-9093.00,수술 보조사,3.45,4.56,3.04,2.64,4.65,2.91
29-9099.01,조산사,3.54,4.71,3.46,2.91,4.75,3.41
31-1121.00,홈 헬스 보조원,3.16,4.32,2.82,2.57,4.48,3.03
31-1122.00,개인 돌봄 보조원,2.99,4.16,2.64,2.39,4.26,3.01
31-1131.00,간호 보조원,3.13,4.41,2.6,2.18,4.53,2.91
31-1132.00,간호 보조원,2.79,3.82,2.25,1.75,4.25,2.49
31-1133.00,정신과 보조원,3.22,3.9,2.94,2.63,4.18,3.15
31-2011.00,작업 치료 보조원,3.45,4.59,2.9,2.79,4.39,3.22
31-2012.00,작업 치료 보조원,3.34,4.3,2.77,2.57,4.38,3.13
31-2021.00,물리치료 보조원,3.44,4.41,2.92,2.65,4.49,3.1
31-2022.00,물리치료 보조원,3.04,4.32,2.55,2.46,3.96,2.83
31-9091.00,치과 보조원,3.12,4.41,2.66,2.41,4.49,2.76
31-9092.00,의료 보조원,3.45,4.58,2.94,2.75,4.36,3.13
31-9093.00,의료 장비 준비자,3.03,4.42,2.64,2.44,4.3,2.36
31-9094.00,의료 기록 필사자,2.84,4.33,2.51,2.14,3.45,2.14
31-9095.00,약국 보조원,3.03,3.96,2.48,2.19,4.25,2.59
31-9096.00,수의사 보조원 및 실험동물 관리사,3.05,4.5,2.63,2.16,4.36,2.6
31-9099.01,언어치료 보조원,3.42,4.66,2.94,2.71,4.58,3.05
33-1011.00,교도관 1선 감독,3.64,4.59,3.27,2.73,4.74,3.22
33-1012.00,경찰 및 탐정의 1선 감독자,3.59,4.57,3.4,3.34,4.8,3.42
33-1021.00,소방 및 예방 작업의 1선 감독자,3.39,4.37,3.19,2.77,4.43,3.17
33-1091.00,보안 근무자의 1선 감독자,3.37,4.61,3.26,2.69,4.74,2.99
33-2011.00,소방관,3.35,4.49,3.22,2.73,4.64,3.05
33-2021.00,소방 검사관 및 조사관,3.27,4.35,3.18,2.64,4.0,2.98
33-2022.00,산불 검사관 및 예방 전문가,3.29,4.25,3.18,2.67,4.42,2.78
33-3011.00,집행관,2.99,4.13,2.69,1.95,4.42,2.86
33-3012.00,교도관 및 감옥 경비원,3.34,4.13,3.12,2.66,4.32,3.07
33-3021.00,탐정 및 범죄 수사관,3.59,4.6,3.53,2.68,4.63,3.15
33-3021.02,경찰 신원 및 기록 담당관,3.2,4.48,3.13,2.51,4.12,2.67
33-3031.00,어업 및 사냥 관리관,3.22,4.51,3.28,2.63,4.51,3.07
33-3041.00,주차 단속원,2.83,4.11,2.52,2.13,4.45,2.66
33-3051.00,경찰 및 보안관 순찰관,3.48,4.66,3.36,2.73,4.74,3.33
33-3051.04,세관 및 국경 보호관,3.36,4.3,3.26,2.57,4.42,3.0
33-3052.00,교통 및 철도 경찰,3.32,4.47,3.23,2.65,4.83,2.96
33-9021.00,사설 탐정 및 조사관,3.23,4.62,3.35,2.45,4.24,2.89
33-9031.00,도박 감시관 및 도박 조사관,3.13,4.19,3.08,2.48,4.18,2.5
33-9032.00,경비원,3.18,4.52,2.67,2.27,4.63,2.76
33-9091.00,교통 안내원 및 깃발 지기,2.75,4.15,2.36,1.48,4.2,2.36
33-9092.00,"구명 요원, 스키 순찰대원 및 기타 레크리에이션 보호 서비스 근무자",2.99,3.84,2.74,2.49,4.15,2.78
33-9099.02,소매 손실 예방 전문가,3.17,4.56,3.01,2.56,4.6,2.79
35-1012.00,식품 준비 및 제공 작업의 1선 감독자,3.47,3.9,2.81,2.64,4.17,3.02
35-2011.00,패스트푸드 요리사,2.57,3.45,2.14,1.79,3.47,2.31
35-2012.00,기관 및 구내식당 요리사,2.91,4.34,2.59,2.41,4.42,2.7
35-2014.00,"요리사, 레스토랑",2.79,4.02,2.33,2.06,4.09,2.22
35-2015.00,단기 주문 요리사,2.72,4.04,2.27,1.88,3.62,2.42
35-2021.00,식품 준비원,2.5,3.79,1.98,1.69,3.62,2.16
35-3011.00,바텐더,3.09,4.21,2.57,2.52,4.3,2.9
35-3023.00,패스트푸드 및 카운터 직원,2.49,3.71,1.89,1.62,3.58,2.38
35-3023.01,바리스타,2.94,3.5,2.31,2.08,4.03,2.62
35-3031.00,웨이터와 웨이트리스,2.98,3.9,2.32,1.88,4.42,2.81
35-3041.00,비식당 음식 서빙 직원,2.84,4.22,2.18,1.76,4.48,2.45
35-9011.00,식당 및 카페테리아 직원과 바텐더 보조원,2.83,4.05,1.99,1.77,4.37,2.33
35-9021.00,설거지 직원,2.4,3.71,1.81,1.51,3.33,1.96
35-9031.00,"레스토랑, 라운지 및 커피숍 호스트 및 호스테스",2.97,3.84,2.26,1.87,4.21,2.68
37-1011.00,청소 및 관리 작업의 1선 감독자,3.18,4.35,2.64,2.55,4.36,2.87
37-1012.00,"조경, 잔디 서비스 및 정원 관리 작업의 1선 감독자",3.4,4.09,2.84,2.63,4.08,2.95
37-2011.00,청소원 및 청소 직원 (가사도우미 및 가사청소원 제외),2.5,4.01,2.19,1.83,3.58,2.22
37-2012.00,가사 도우미 및 청소원,2.63,4.09,2.06,1.62,4.19,2.44
37-2021.00,해충 방제 작업자,2.99,4.07,2.87,2.47,3.83,2.84
37-3011.00,조경 및 정원 관리 직원,2.55,3.92,2.2,1.79,3.8,2.13
37-3012.00,"농약 취급자, 분무기 및 적용자, 식물 관리",2.83,3.87,2.6,2.06,3.63,2.37
37-3013.00,나무 가지치기 전문가,2.83,3.96,2.73,1.95,3.96,2.32
39-1013.00,도박 서비스 근로자 1선 감독관,3.31,4.33,3.0,2.46,4.6,3.08
39-1022.00,개인 서비스 근로자 1선 감독자,3.59,4.74,2.98,2.65,4.85,3.22
39-2011.00,동물 훈련사,2.99,4.25,2.83,2.94,4.09,2.74
39-2021.00,동물 보호자,2.8,4.35,2.47,1.83,4.42,2.4
39-3011.00,도박 딜러,3.04,4.17,2.42,1.84,4.38,2.65
39-3012.00,도박 및 스포츠 북 작가 및 러너,2.97,3.91,2.48,2.04,4.17,2.54
39-3021.00,영화 상영사,2.66,4.02,2.4,1.77,3.71,2.29
39-3031.00,"안내원, 로비 직원, 및 티켓 검표원",2.91,3.69,2.26,1.66,3.97,2.78
39-3091.00,오락 및 레크리에이션 직원,2.82,3.45,2.28,1.84,3.68,2.54
39-3092.00,의상 담당자,2.96,3.9,2.44,1.79,3.97,2.62
39-3093.00,"락커룸, 코트룸 및 드레싱룸 담당자",2.97,3.95,2.18,1.3,4.12,2.56
39-4011.00,방부사,3.32,4.55,2.71,2.31,4.52,2.7
39-4021.00,장례 보조원,2.97,4.24,2.25,1.6,4.08,2.62
39-4031.00,"장례지도사, 장의사 및 장례식 준비자",3.5,4.33,2.78,2.49,4.12,3.31
39-5011.00,이발사,2.91,4.07,2.34,1.83,4.11,2.55
39-5012.00,"미용사, 헤어스타일리스트, 및 화장품 전문가",3.11,4.17,2.67,2.6,4.12,2.91
39-5092.00,매니큐리스트 및 페디큐리스트,2.57,3.39,2.09,1.96,3.67,2.53
39-5093.00,샴푸사원,2.81,3.98,2.06,1.73,4.12,2.46
39-5094.00,스킨케어 전문가,3.14,4.24,2.63,2.51,4.37,2.91
39-6011.00,짐 운반원 및 벨보이,2.93,4.05,2.32,1.86,3.86,2.57
39-7011.00,관광 가이드 및 에스코트,3.14,4.05,2.38,2.02,4.06,2.72
39-7012.00,여행 가이드,3.5,4.07,2.78,2.54,4.27,3.35
39-9011.00,어린이집 교사,3.05,4.18,2.68,2.59,4.54,2.91
39-9032.00,레크리에이션 근로자,3.68,4.46,2.77,2.67,4.55,3.32
39-9041.00,주거 상담사,3.51,4.31,2.93,2.49,4.47,3.21
41-1011.00,소매 판매 직원 1선 감독자,3.51,4.52,2.85,2.73,4.76,3.3
41-1012.00,비소매 판매 근로자 1선 감독자,3.46,4.3,3.14,2.98,3.92,3.17
41-2011.00,계산원,2.81,3.84,2.21,1.69,3.94,2.49
41-2012.00,도박 환전원 및 부스 캐셔,2.9,4.45,2.47,1.76,4.53,2.6
41-2021.00,카운터 및 대여 직원,3.04,4.2,2.45,1.98,4.33,2.75
41-2022.00,부품 판매원,3.27,4.31,2.64,2.25,4.1,3.05
41-2031.00,소매 판매원,3.2,4.04,2.53,2.32,3.94,3.28
41-3011.00,광고 영업 대리인,3.35,4.45,2.77,2.49,4.08,3.42
41-3021.00,보험 판매 대리인,3.27,4.45,2.87,2.53,4.21,3.1
41-3031.00,"증권, 상품 및 금융 서비스 판매 대리인",3.1,4.41,3.12,2.71,4.19,3.1
41-3041.00,여행사 직원,3.05,3.92,2.74,2.36,3.44,3.19
41-4011.00,"도매 및 제조, 기술 및 과학 제품 영업 대표",3.46,4.28,2.9,2.77,4.16,3.4
41-4011.07,태양광 판매 대표 및 평가자,3.18,4.33,2.84,2.49,3.46,3.19
41-4012.00,도매 및 제조 영업 대표 (기술 및 과학 제품 제외),3.38,4.19,2.76,2.3,4.21,3.21
41-9011.00,시연자 및 제품 홍보자,3.39,4.2,2.54,2.43,3.76,3.02
41-9012.00,모델,2.55,3.73,1.79,1.06,3.49,2.12
41-9021.00,부동산 중개인,3.34,4.53,2.95,2.56,4.49,3.07
41-9031.00,영업 엔지니어,3.58,4.71,3.39,3.03,4.27,3.52
41-9041.00,텔레마케터,3.12,4.0,2.29,1.3,3.96,3.12
43-1011.00,사무 및 행정 지원 직원의 1선 감독자,3.57,4.29,3.07,3.18,4.35,3.31
43-2011.00,"교환원, 응답 서비스 포함",3.13,4.19,2.32,1.86,4.37,2.62
43-2021.00,전화 교환원,3.2,4.41,2.41,1.78,4.47,2.63
43-3011.00,청구 및 계좌 수금원,3.08,4.31,2.57,2.12,4.12,2.82
43-3021.00,청구 및 게시 사무원,2.93,4.55,2.64,2.22,4.15,2.4
43-3031.00,"회계, 장부 기장 및 감사 사무원",2.99,4.33,2.68,2.08,3.84,2.5
43-3041.00,카지노 금고 직원,3.03,4.39,2.56,1.97,4.66,2.7
43-3051.00,급여 및 근태 관리 사무원,2.99,4.61,2.66,2.23,4.39,2.53
43-3061.00,조달 사무원,3.35,4.45,2.93,2.48,4.14,2.85
43-3071.00,은행원,3.05,4.41,2.7,2.26,4.39,2.71
43-4011.00,중개 사무원,3.05,4.53,2.78,2.43,4.28,2.62
43-4021.00,서신 사무원,3.04,4.43,2.71,2.26,3.71,2.74
43-4031.00,"법원, 시청 및 면허 사무원",3.3,4.55,2.69,2.22,4.5,2.65
43-4051.00,고객 서비스 대표,3.36,4.55,2.8,2.4,4.62,3.04
43-4061.00,"자격 심사관, 정부 프로그램",3.44,4.37,2.96,2.39,4.39,3.14
43-4071.00,파일 클럭,2.95,4.2,2.52,2.13,4.09,2.51
43-4081.00,"호텔, 모텔 및 리조트 프런트 데스크 직원",3.15,4.43,2.59,2.21,4.5,3.05
43-4111.00,"면접관, 자격 및 대출 제외",3.46,4.49,2.74,2.49,4.62,3.02
43-4121.00,"도서관 보조원, 사무직",2.94,3.94,2.42,1.94,3.83,2.57
43-4131.00,대출 면접관 및 사무원,3.28,4.41,3.08,2.62,4.08,2.87
43-4141.00,신규 계좌 사무원,3.37,4.36,2.62,2.16,4.21,2.93
43-4151.00,주문 사무원,3.44,4.47,2.66,2.26,4.72,2.89
43-4161.00,급여 및 근태 관리를 제외한 인사 보조원,3.29,4.09,2.73,2.45,3.75,2.82
43-4171.00,접수원 및 정보 사무원,3.16,4.23,2.41,1.93,4.36,2.79
43-4181.00,예약 및 교통 티켓 에이전트와 여행 사무원,3.45,4.42,2.69,2.41,4.7,3.17
43-5011.00,화물 및 운송 대리인,2.84,4.25,2.64,2.01,3.99,2.79
43-5011.01,화물 운송업체,3.21,4.54,2.83,2.54,4.57,2.99
43-5021.00,배달원 및 심부름꾼,2.58,4.19,2.38,1.92,3.12,2.34
43-5031.00,공공 안전 통신원,3.6,4.45,3.1,2.52,4.86,3.2
43-5032.00,"경찰, 소방, 구급차를 제외한 파견원",3.51,4.35,2.86,2.44,4.4,2.79
43-5041.00,"계량기 독자, 유틸리티",2.71,4.08,2.43,2.11,3.97,2.38
43-5051.00,우편 서비스 사무원,2.88,4.42,2.53,1.9,4.14,2.62
43-5052.00,우편 서비스 우편 배달원,2.67,4.27,2.31,1.49,4.01,2.33
43-5053.00,"우편 서비스 우편 분류원, 처리원 및 처리 기계 운영자",2.74,3.83,2.31,1.8,3.8,2.14
43-5061.00,"생산, 계획 및 조정 사무원",3.15,4.52,2.88,2.15,4.4,2.61
43-5071.00,"배송, 수취 및 재고 사무원",2.86,3.96,2.51,1.91,3.56,2.38
43-5111.00,"계량원, 측정원, 검사원 및 샘플러, 기록 관리",2.88,4.24,2.63,2.31,3.7,2.62
43-6011.00,임원 비서 및 임원 행정 보조원,3.42,4.39,2.69,2.59,3.97,3.0
43-6012.00,법률 비서 및 행정 보조원,3.27,4.37,2.53,2.14,4.27,2.62
43-6013.00,의료 비서 및 행정 보조원,3.27,4.41,2.59,1.87,4.3,2.66
43-6014.00,"비서 및 행정 보조원 (법률, 의료, 경영 제외)",3.33,4.29,2.57,2.12,4.05,2.67
43-9021.00,데이터 입력원,2.99,4.78,2.44,1.97,4.6,2.43
43-9022.00,워드 프로세서 및 타이피스트,2.81,4.3,2.24,1.66,3.99,2.33
43-9031.00,데스크탑 퍼블리셔,3.16,4.56,2.94,2.54,4.12,2.75
43-9041.00,보험 청구 및 정책 처리 사무원,3.02,4.37,2.61,2.23,4.03,2.74
43-9051.00,우편 사무원 및 우편 기계 운영자 (우편 서비스 제외),2.78,4.23,2.36,1.83,4.28,2.17
43-9061.00,일반 사무원,3.11,4.28,2.46,2.11,4.15,2.64
43-9071.00,사무 기계 운영자 (컴퓨터 제외),2.7,3.81,2.37,2.01,3.46,2.39
43-9081.00,교정자 및 교정 마커,2.65,4.45,2.45,1.8,3.4,1.78
43-9111.00,통계 보조원,3.02,4.31,3.06,2.83,3.66,2.6
45-1011.00,"농업, 어업 및 임업 작업의 1선 감독관",3.23,4.17,3.0,2.77,3.94,2.82
45-2011.00,농업 검사관,3.15,4.26,3.21,2.67,4.04,2.63
45-2021.00,동물 사육사,2.63,3.98,2.64,2.13,3.51,2.24
45-2041.00,농산물 채점원 및 분류원,2.42,3.4,1.93,1.36,3.08,1.68
45-2091.00,농업 장비 운영자,2.64,3.73,2.45,1.51,3.36,2.05
45-2092.00,"농장 근로자 및 노동자, 농작물, 묘목 및 온실",2.6,3.85,2.42,2.1,3.28,2.31
45-2093.00,"농장 근로자, 농장, 목장 및 수산 동물",2.65,3.89,2.7,2.05,3.26,2.27
45-4011.00,산림 및 보존 작업자,2.95,4.12,2.62,2.34,4.05,2.44
45-4021.00,벌목꾼,2.5,3.82,2.49,1.43,3.65,2.04
45-4022.00,벌목 장비 운영자,2.55,3.86,2.42,1.86,3.88,2.27
45-4023.00,목재 등급 분류원 및 스케일러,2.84,4.24,2.68,2.21,3.79,2.51
47-1011.00,건설 산업 및 채굴 작업의 1선 감독관,3.44,4.58,2.91,2.62,4.44,2.86
47-1011.03,태양광 에너지 설치 관리자,3.35,4.2,2.99,2.62,3.99,3.0
47-2011.00,보일러 제작자,2.82,4.41,2.88,2.46,4.18,2.3
47-2021.00,벽돌공 및 블록공,2.76,4.28,2.49,2.01,3.57,2.26
47-2022.00,석공,2.83,3.85,2.71,2.3,3.1,2.29
47-2031.00,목수,3.08,4.29,2.91,2.38,4.01,2.5
47-2041.00,카펫 설치공,2.75,4.25,2.53,2.1,3.82,2.36
47-2042.00,"바닥재 시공사 (카펫, 목재 및 경질 타일 제외)",2.69,4.0,2.46,2.0,3.33,2.33
47-2043.00,바닥 샌더 및 마감공,2.58,4.19,2.24,1.92,3.72,2.16
47-2044.00,타일 및 석재 장인,2.74,4.11,2.59,1.93,3.91,2.29
47-2051.00,시멘트 조합사 및 콘크리트 마감사,2.69,3.97,2.46,1.79,3.8,2.0
47-2053.00,테라조 작업자 및 마감자,2.59,3.94,2.24,1.88,3.75,2.08
47-2061.00,건설 노동자,2.91,3.77,2.43,1.8,3.29,2.06
47-2071.00,"포장, 표면 처리 및 다짐 장비 운영자",2.69,3.83,2.46,1.97,3.71,1.96
47-2072.00,파일 드라이버 운영자,2.72,3.96,2.52,1.62,3.94,1.99
47-2073.00,운전기사 및 기타 건설 장비 운영자,2.79,4.37,2.55,2.1,4.06,2.34
47-2081.00,석고보드 및 천장 타일 설치공,2.65,3.86,2.42,1.72,3.67,1.99
47-2082.00,테이퍼,2.46,3.52,2.18,1.81,2.97,2.01
47-2111.00,전기기사,2.98,4.14,3.15,2.72,3.9,2.81
47-2121.00,유리 장착공,2.68,3.96,2.54,1.85,3.68,2.3
47-2131.00,"단열 작업자, 바닥, 천장 및 벽",2.66,3.87,2.26,1.92,3.56,2.27
47-2132.00,기계 단열 작업자,2.84,4.24,2.46,2.06,4.17,2.17
47-2141.00,건축 및 유지보수 화가,2.7,4.31,2.26,1.6,4.08,2.26
47-2142.00,벽지 붙이는 사람,2.71,4.39,2.33,1.62,4.15,2.19
47-2151.00,파이프 설치공,2.8,4.08,2.36,1.77,3.75,2.1
47-2152.00,"배관공, 배관 설치공, 증기 배관공",2.77,4.21,2.9,2.14,3.93,2.34
47-2152.04,태양열 설치공 및 기술자,3.08,4.54,2.71,2.45,4.19,2.76
47-2161.00,석고공 및 스투코 석공,2.6,3.8,2.36,2.08,3.58,2.27
47-2171.00,철근 및 철강 보강 작업자,2.64,4.3,2.41,1.85,4.0,1.99
47-2181.00,지붕공사 전문가,2.93,4.31,2.61,1.97,3.85,2.28
47-2211.00,판금 작업자,2.85,4.16,2.57,2.19,3.55,2.11
47-2221.00,구조 철강 노동자,2.98,4.05,2.66,2.54,3.94,2.42
47-2231.00,태양광 발전 설치자,2.96,4.35,2.75,2.3,4.28,2.39
47-3011.00,"도움 작업자 - 벽돌공, 블록공, 석공, 타일 및 대리석 장인",2.64,3.78,2.23,1.91,3.55,2.01
47-3012.00,목수 보조원,2.79,3.99,2.44,1.99,3.67,2.24
47-3013.00,전기기사 보조원,2.78,4.13,2.53,2.06,3.8,2.11
47-3014.00,"도움 작업자 - 화가, 벽지 붙이는 사람, 석고공, 스투코 석공",2.61,3.71,2.13,1.89,3.56,2.19
47-3015.00,"도움 작업자 - 배관공, 배관 설치자, 배관 맞춤공, 증기 배관공",2.51,3.84,2.31,1.83,3.8,2.09
47-3016.00,지붕공 도우미,2.78,4.12,2.34,2.0,3.87,2.2
47-4021.00,엘리베이터 및 에스컬레이터 설치 및 수리공,2.8,4.31,2.94,2.31,4.01,2.38
47-4031.00,울타리 설치자,2.68,3.97,2.41,1.82,3.86,2.15
47-4041.00,위험물 제거 작업자,3.0,4.2,2.99,2.31,4.22,2.69
47-4051.00,고속도로 유지보수 작업자,2.81,3.67,2.54,1.79,3.39,2.32
47-4061.00,철도 선로 설치 및 유지 보수 장비 운영자,2.73,3.8,2.59,2.11,3.5,2.12
47-4071.00,정화조 서비스업체 및 하수관 청소원,2.66,3.75,2.63,2.24,3.54,2.36
47-4091.00,세그먼트 포장공,3.01,4.0,2.61,2.12,3.93,2.66
47-5011.00,"드릴링 오퍼레이터, 석유 및 가스",2.99,3.88,2.78,2.36,3.88,2.32
47-5012.00,"회전식 드릴 운영자, 석유 및 가스",2.97,4.18,2.93,2.56,4.03,2.53
47-5013.00,"서비스 유닛 운영자, 석유 및 가스",2.89,3.96,2.88,2.43,3.96,2.58
47-5022.00,"굴착 및 적재 기계 및 드래그라인 운영자, 표면 채굴",2.76,3.82,2.57,2.26,3.58,2.51
47-5023.00,"지구 굴착기, 석유 및 가스를 제외한",2.74,3.98,2.7,2.01,3.8,2.29
47-5041.00,연속 채굴 기계 운영자,2.7,3.92,2.76,2.18,3.83,2.26
47-5043.00,"지붕 볼터, 광업",2.81,3.97,2.65,2.24,3.7,2.27
47-5044.00,지하 채굴 로딩 및 이동 기계 운영자,2.72,3.71,2.45,1.69,3.65,2.24
47-5051.00,"암석 분리기, 채석장",2.65,3.69,2.37,1.77,3.25,2.04
47-5071.00,석유 및 가스 작업자,2.51,3.53,2.38,1.92,3.46,1.97
47-5081.00,도움 작업자 - 추출 작업자,2.71,3.77,2.59,2.24,3.43,2.21
49-1011.00,"기계, 설치 및 수리의 1선 감독자",3.34,4.11,3.2,2.93,4.14,2.91
49-2011.00,"컴퓨터, 자동 입출금기 및 사무기기 수리공",2.68,4.1,2.78,2.41,3.64,2.61
49-2021.00,"라디오, 셀룰러 및 타워 장비 설치 및 수리 기술자",2.94,4.31,2.8,2.37,4.02,2.48
49-2022.00,통신 장비 설치 및 수리공 (선 설치공 제외),3.03,4.18,2.98,2.55,3.94,2.66
49-2091.00,항공 전자기기 기술자,2.96,4.39,3.16,2.43,3.96,2.63
49-2092.00,"전기 모터, 전동 공구 및 관련 수리공",2.83,4.28,2.92,2.46,4.04,2.52
49-2093.00,"전기 및 전자 설치 및 수리공, 운송 장비",3.01,4.5,2.76,1.92,4.22,2.54
49-2094.00,상업 및 산업 장비 전기 전자 수리공,2.89,4.16,3.14,2.54,3.81,2.73
49-2095.00,"전력소, 변전소 및 릴레이 전기전자 수리공",2.96,4.42,2.8,2.22,4.14,2.53
49-2096.00,자동차 전자 장비 설치 및 수리공,2.83,4.35,2.84,2.14,3.84,2.6
49-2097.00,시청각 장비 설치 및 수리 기술자,2.81,4.11,2.75,2.4,3.44,2.48
49-2098.00,보안 및 화재 경보 시스템 설치자,2.98,4.51,2.83,2.28,4.23,2.5
49-3011.00,항공기 정비사 및 서비스 기술자,2.94,4.47,3.45,2.54,4.1,2.66
49-3021.00,자동차 차체 및 관련 수리공,2.74,4.39,2.57,2.06,3.63,2.53
49-3022.00,자동차 유리 설치 및 수리 기술자,2.68,4.14,2.42,2.05,3.87,2.45
49-3023.00,자동차 서비스 기술자 및 정비사,2.65,4.0,3.04,2.28,3.55,2.53
49-3031.00,버스 및 트럭 정비사와 디젤 엔진 전문가,2.78,4.05,2.83,2.36,3.77,2.24
49-3041.00,농기계 정비사 및 서비스 기술자,2.73,4.45,3.0,2.49,4.27,2.38
49-3042.00,모바일 중장비 정비사 (엔진 제외),2.74,4.18,2.92,2.43,3.7,2.47
49-3043.00,철도 차량 수리공,2.61,3.61,2.65,2.24,3.42,2.26
49-3051.00,모터보트 정비사 및 서비스 기술자,2.63,4.27,2.94,1.85,3.55,2.22
49-3052.00,오토바이 정비사,2.84,4.67,2.87,2.39,4.13,2.54
49-3053.00,야외 전력 장비 및 기타 소형 엔진 정비사,2.63,3.96,2.65,2.18,3.55,2.27
49-3091.00,자전거 수리공,3.08,4.24,2.69,2.28,4.36,2.88
49-3092.00,레크리에이션 차량 서비스 기술자,2.74,4.32,2.75,2.14,3.65,2.58
49-3093.00,타이어 수리 및 교체 기술자,2.53,4.15,2.38,1.85,3.97,2.4
49-9011.00,기계문 수리공,2.88,4.03,2.67,2.19,3.56,2.65
49-9012.00,제어 및 밸브 설치 및 수리공 (기계식 문 제외),2.81,3.91,2.76,2.31,3.48,2.27
49-9021.00,"난방, 공기 조화 및 냉동 기계 기사 및 설치 기술자",2.89,4.46,3.08,2.52,4.0,2.56
49-9031.00,가전제품 수리공,2.85,4.34,2.77,2.03,3.9,2.53
49-9041.00,산업 기계 정비사,2.82,4.22,2.81,2.51,3.72,2.23
49-9043.00,기계 유지보수 작업자,2.77,4.22,2.61,1.93,3.91,2.18
49-9045.00,"내화재 수리공, 벽돌 장인을 제외하고",2.64,3.91,2.45,1.91,3.76,2.11
49-9051.00,전기 전선 설치 및 수리공,2.96,4.28,2.9,2.46,4.16,2.51
49-9052.00,통신선 설치 및 수리공,2.9,4.32,2.65,2.08,4.31,2.51
49-9061.00,카메라 및 사진 장비 수리공,2.52,3.98,2.79,2.36,3.7,2.21
49-9062.00,의료 장비 수리공,2.69,4.35,2.85,2.43,3.84,2.61
49-9064.00,시계 수리공,2.56,4.25,2.57,1.75,3.8,2.32
49-9071.00,일반 유지보수 및 수리 작업자,2.82,4.01,2.78,2.32,3.91,2.34
49-9081.00,풍력 터빈 서비스 기술자,2.93,4.07,2.96,2.62,4.01,2.26
49-9091.00,"동전, 자판기 및 오락기 기계 수리 및 서비스 기술자",2.63,3.98,2.55,1.82,4.38,2.33
49-9092.00,상업 잠수사,3.2,4.48,3.08,2.56,4.35,2.66
49-9095.00,제조 건물 및 이동식 주택 설치자,3.09,4.19,2.94,2.78,4.1,2.76
49-9096.00,리거,2.89,4.23,2.68,1.66,3.84,2.32
49-9097.00,신호 및 선로 스위치 수리공,2.6,3.82,2.94,2.4,3.88,2.17
49-9098.00,"설치, 유지보수 및 수리 작업자 보조원",2.75,3.94,2.37,2.1,3.58,2.13
49-9099.01,지열 기술자,2.85,4.37,2.86,2.25,3.92,2.45
51-1011.00,생산 및 운영 작업의 1선 감독자,3.48,4.32,3.15,2.67,4.24,3.0
51-2011.00,"항공기 구조, 표면, 장비 및 시스템 조립원",2.89,4.51,2.72,2.42,3.77,2.34
51-2021.00,"코일 감기기, 테이퍼, 마감기",2.78,4.14,2.35,1.73,3.93,1.97
51-2022.00,전기 및 전자 장비 조립원,2.72,3.82,2.52,2.03,3.25,2.18
51-2023.00,전기기계 장비 조립원,2.54,4.03,2.5,1.73,3.27,1.96
51-2031.00,엔진 및 기타 기계 조립원,2.78,4.12,2.52,1.85,3.66,2.2
51-2041.00,구조 금속 제작자 및 조립공,2.69,3.94,2.36,1.47,3.72,2.13
51-2051.00,유리섬유 적층 및 제작자,2.73,4.15,2.58,2.36,3.95,2.31
51-2061.00,타이밍 장치 조립 및 조정원,2.42,4.12,2.52,1.82,3.28,2.29
51-2092.00,팀 조립원,2.9,3.98,2.52,1.91,4.03,2.41
51-3011.00,제빵사,2.83,4.08,2.38,2.21,3.81,2.22
51-3021.00,정육점 주인 및 고기 절단사,2.89,4.06,2.46,1.92,3.91,2.66
51-3022.00,"육류, 가금류 및 생선 절단사 및 다듬는 사람",2.67,4.12,2.3,1.96,3.62,2.31
51-3023.00,도축업자 및 육류 포장원,2.31,4.21,1.95,1.49,4.04,1.93
51-3091.00,"식품 및 담배 로스팅, 베이킹 및 건조 기계 운영자 및 보조원",2.79,3.8,2.54,2.16,3.67,2.32
51-3092.00,식품 배치 제조자,2.86,4.11,2.51,1.95,4.08,2.24
51-3093.00,식품 조리 기계 운영자 및 보조원,2.62,3.91,2.48,1.97,3.86,2.08
51-4021.00,"금속 및 플라스틱 압출 및 인발 기계 설정자, 운영자 및 보조원",2.71,3.91,2.53,2.0,3.79,2.21
51-4022.00,"금속 및 플라스틱 단조 기계 세팅자, 운영자 및 보조원",2.76,4.04,2.52,1.97,3.83,2.27
51-4023.00,"금속 및 플라스틱 롤링 기계 세팅자, 운영자 및 보조원",2.81,4.18,2.7,2.5,3.91,2.2
51-4031.00,"금속 및 플라스틱 절단, 펀칭 및 프레스 기계 세팅, 운영 및 관리원",2.51,3.75,2.51,1.92,3.34,1.99
51-4032.00,"드릴링 및 보링 기계 도구 설정자, 운영자 및 보조원, 금속 및 플라스틱",2.63,4.46,2.58,1.97,3.96,2.19
51-4033.00,"연삭, 연마, 폴리싱 및 버핑 기계 도구 설정자, 운영자 및 보조원, 금속 및 플라스틱",2.58,3.77,2.6,1.98,3.45,2.04
51-4034.00,"선반 및 가공 기계 설정자, 운영자 및 보조원, 금속 및 플라스틱",2.63,3.91,2.45,1.69,3.78,1.96
51-4035.00,"밀링 및 평면 가공 기계 설정자, 운영자 및 보조원, 금속 및 플라스틱",2.63,4.13,2.55,1.99,3.96,2.01
51-4041.00,기계공,2.75,4.07,2.67,2.16,3.69,2.29
51-4051.00,금속 정련로 조작원 및 보조원,2.69,3.88,2.63,2.02,3.71,2.25
51-4052.00,"주조원 및 주형사, 금속",2.66,3.91,2.4,1.84,3.66,2.04
51-4061.00,"모델 제작자, 금속 및 플라스틱",2.39,4.02,2.64,1.95,3.21,1.75
51-4062.00,금속 및 플라스틱 패턴 제작자,2.68,4.08,2.59,1.94,3.88,2.06
51-4071.00,주조 금형 및 코어 제작자,2.45,4.12,2.24,1.74,4.0,1.96
51-4072.00,"금속 및 플라스틱 성형, 코어 제작 및 주조 기계 설정자, 운영자 및 보조원",2.58,3.96,2.47,2.09,3.66,2.09
51-4081.00,"다수의 기계 공구 세팅자, 운영자 및 관리인, 금속 및 플라스틱",2.8,4.42,2.65,2.32,4.15,2.43
51-4111.00,공구 및 금형 제작자,2.76,4.29,2.67,2.22,4.05,1.91
51-4121.00,"용접공, 절단공, 납땜공, 및 브레이징공",2.4,3.93,2.44,1.73,3.58,1.92
51-4122.00,"용접, 납땜 및 브레이징 기계 세팅자, 운영자 및 보조원",2.61,3.87,2.57,1.85,3.6,2.01
51-4191.00,"열처리 장비 설정자, 운영자 및 보조원, 금속 및 플라스틱",2.74,3.94,2.57,2.3,3.63,2.11
51-4192.00,금속 및 플라스틱 배치 작업자,2.68,4.2,2.67,2.04,3.6,2.14
51-4193.00,"금속 및 플라스틱 도금 기계 설정자, 운영자 및 보조원",2.85,4.09,2.49,1.85,3.8,2.23
51-4194.00,"공구 연마사, 파일러 및 날카롭게 하는 사람",2.42,4.09,2.56,2.21,3.46,2.17
51-5111.00,프리프레스 기술자 및 작업자,2.82,4.14,2.63,2.25,3.95,2.56
51-5112.00,인쇄기 운영자,2.74,4.02,2.65,2.14,3.51,2.33
51-5113.00,인쇄 제본 및 마감 작업자,2.69,4.12,2.66,2.19,3.87,2.33
51-6011.00,세탁 및 드라이클리닝 작업자,2.58,3.7,2.25,1.97,3.59,2.28
51-6021.00,"직물, 의류 및 관련 재료 프레서",2.27,4.37,1.97,1.41,4.02,1.81
51-6031.00,재봉틀 운영자,2.27,3.91,2.29,1.75,3.67,1.83
51-6041.00,신발 및 가죽 작업자 및 수리공,2.57,3.44,2.38,1.56,3.2,2.27
51-6042.00,신발 기계 운영자 및 보조원,2.65,4.36,2.37,1.64,4.39,2.09
51-6051.00,수작업 재봉사,2.2,3.94,2.12,1.81,3.17,1.84
51-6052.00,"재단사, 드레스메이커 및 맞춤 재봉사",2.8,3.83,2.38,1.94,3.87,2.38
51-6061.00,직물 표백 및 염색 기계 운영자 및 보조원,2.47,3.77,2.42,1.77,3.14,1.97
51-6062.00,"직물 절단 기계 설정자, 운영자 및 관리인",2.68,4.05,2.46,1.84,3.76,1.95
51-6063.00,"직물 편직 및 직조 기계 설정자, 운영자 및 관리인",2.5,4.25,2.3,1.61,4.09,1.93
51-6064.00,"직물 감기, 비틀기 및 인출 기계 설정자, 운영자 및 관리인",2.56,3.79,2.35,1.93,3.91,1.99
51-6091.00,"합성 및 유리 섬유 압출 및 성형 기계 설정자, 운영자 및 보조원",2.78,3.92,2.66,2.1,3.88,2.2
51-6092.00,직물 및 의류 패턴 제작자,2.89,4.54,2.87,2.6,4.14,2.66
51-6093.00,장식가,2.78,3.87,2.63,2.44,3.35,2.48
51-7011.00,캐비닛 제작자 및 벤치 목수,2.56,4.1,2.55,2.14,3.79,2.25
51-7021.00,가구 마감공,2.77,4.06,2.58,2.21,3.29,2.39
51-7031.00,목재 모델 제작자,2.66,4.47,2.58,2.05,3.75,2.28
51-7032.00,목재 패턴 제작자,2.63,4.18,2.6,2.02,3.7,2.16
51-7041.00,"목재 절단기 세팅자, 운영자 및 보조원",2.52,4.17,2.45,1.72,4.17,1.97
51-7042.00,"목공 기계 설정자, 운영자 및 보조자 (톱질 제외)",2.4,3.94,2.48,1.94,3.42,1.91
51-8011.00,원자력 발전소 조종사,3.1,4.5,3.32,2.62,4.19,2.72
51-8012.00,전력 배급자 및 배선원,3.13,4.46,3.19,2.46,4.67,2.6
51-8013.00,발전소 운영자,2.97,4.34,3.06,2.21,4.06,2.43
51-8013.03,바이오매스 발전소 기술자,2.78,3.79,2.74,2.57,3.73,2.52
51-8013.04,수력 발전소 기술자,2.89,4.36,3.03,2.39,3.99,2.52
51-8021.00,기계실 엔지니어 및 보일러 운영자,2.89,4.06,2.79,2.25,3.8,2.25
51-8091.00,화학 플랜트 및 시스템 운영자,2.9,4.16,3.01,2.58,3.82,2.19
51-8092.00,가스 발전소 운영자,2.88,4.21,2.83,2.41,3.87,2.46
51-8093.00,"석유 펌프 시스템 운영자, 정유소 운영자 및 측정원",2.84,4.06,2.85,2.52,3.88,2.35
51-8099.01,바이오연료 가공 기술자,2.93,4.01,2.74,2.33,3.49,2.66
51-9011.00,화학 장비 운영자 및 조정자,2.98,4.21,2.81,2.4,3.83,2.31
51-9012.00,"분리, 필터링, 정화, 침전 및 정지 기계 세팅, 운영 및 관리자",2.74,3.63,2.63,2.44,3.75,2.31
51-9021.00,"파쇄, 분쇄 및 연마 기계 설정자, 운영자 및 보조원",2.72,3.39,2.55,2.23,3.48,2.33
51-9022.00,수공 연마 및 연삭 작업자,2.48,4.09,2.37,1.88,3.7,2.23
51-9023.00,"혼합 및 블렌딩 기계 설정자, 운영자 및 관리인",2.63,3.86,2.53,2.21,3.23,2.08
51-9031.00,손으로 하는 절단기 및 다듬기 기계 조작원,2.43,3.82,2.19,1.68,2.92,2.16
51-9032.00,"절단 및 슬라이싱 기계 설정자, 운영자 및 관리인",2.61,3.79,2.59,1.88,3.48,2.09
51-9041.00,"압출, 성형, 압축 및 다짐 기계 설정자, 운영자 및 보조원",2.74,4.06,2.55,1.92,3.87,2.11
51-9051.00,"로스터, 가마, 오븐, 건조기 및 주전자 운영자 및 보조원",2.68,3.66,2.55,1.82,3.75,1.97
51-9061.00,"검사원, 시험원, 분류원, 샘플러, 및 저울원",2.92,4.56,2.61,1.9,4.54,2.34
51-9071.00,보석 세공사 및 귀금속 및 보석 작업자,2.78,4.61,2.52,2.1,3.82,2.48
51-9071.06,보석 및 다이아몬드 작업자,2.73,4.45,2.56,2.03,3.6,2.48
51-9081.00,치과 기공사,2.79,4.44,2.67,2.54,4.0,2.36
51-9082.00,의료기기 기술자,3.09,3.95,3.03,2.52,3.63,2.74
51-9083.00,안과 실험실 기술자,2.71,4.16,2.5,2.18,3.8,2.35
51-9111.00,포장 및 충전 기계 운영자 및 보조원,2.64,3.71,2.37,1.91,3.56,2.25
51-9123.00,"도장, 코팅 및 장식 작업자",2.54,3.56,2.25,1.74,3.21,2.16
51-9124.00,"코팅, 페인팅 및 분사 기계 설정자, 운영자 및 보조원",2.54,4.04,2.43,2.11,3.91,2.16
51-9141.00,반도체 가공 기술자,2.81,3.78,2.63,1.95,3.77,2.28
51-9151.00,사진 처리 작업자 및 처리 기계 운영자,2.94,4.1,2.66,2.37,4.05,2.77
51-9161.00,컴퓨터 수치 제어 공구 조작자,2.79,4.12,2.81,2.38,3.81,2.14
51-9162.00,컴퓨터 수치 제어 공구 프로그래머,2.84,4.42,2.76,2.45,4.0,2.21
51-9191.00,접착제 결합 기계 운영자 및 보조원,2.81,4.08,2.5,2.02,3.62,2.17
51-9192.00,"청소, 세척 및 금속 산세 처리 장비 운영자 및 보조원",2.38,3.68,2.2,1.85,3.67,2.08
51-9193.00,냉각 및 동결 장비 운영자 및 관리인,2.79,3.94,2.82,2.36,3.92,2.3
51-9194.00,식각사 및 조각사,2.57,4.2,2.49,1.92,3.71,2.17
51-9195.03,"석재 절단 및 조각가, 제조업",2.57,3.92,2.48,1.95,3.75,2.1
51-9195.04,"유리 불기, 성형, 굽힘 및 마감 작업자",2.61,3.79,2.49,2.31,3.54,2.14
51-9195.05,제조 도예가,2.58,4.3,2.51,1.56,3.38,2.27
51-9196.00,"종이 제품 기계 설정자, 운영자 및 관리인",2.65,3.95,2.47,2.0,3.67,2.25
51-9197.00,타이어 제작자,2.32,3.8,2.28,1.65,3.4,1.95
51-9198.00,도움 작업자 - 생산 근로자,2.46,3.71,2.26,1.67,3.63,1.96
53-1041.00,항공 화물 취급 감독관,3.21,4.29,2.89,2.79,4.37,2.77
53-1042.00,"도움 직원, 노동자 및 수동 자재 이동자의 1선 감독자",3.39,4.48,2.95,2.55,4.21,2.77
53-1042.01,재활용 코디네이터,3.29,4.33,2.82,2.62,4.27,2.91
53-1043.00,물류 기계 및 차량 운영자 1선 감독,3.64,4.36,3.05,2.67,4.43,2.92
53-2011.00,"항공기 조종사, 부조종사 및 비행 엔지니어",3.54,4.45,3.59,2.98,4.58,2.79
53-2012.00,상업 조종사,3.28,4.61,3.44,3.02,4.64,2.82
53-2021.00,항공 교통 관제사,3.54,4.38,3.69,2.99,4.46,2.94
53-2022.00,공항 운영 전문가,3.39,4.22,3.26,2.7,3.85,2.74
53-2031.00,승무원,3.53,4.21,2.86,2.41,4.53,3.16
53-3011.00,"구급차 운전사 및 보조원, 응급 의료 기술자 제외",2.95,4.13,2.82,2.29,4.2,2.8
53-3031.00,운전원/판매원,3.03,4.12,2.61,1.9,4.12,2.77
53-3032.00,대형 및 트랙터-트레일러 트럭 운전사,2.69,4.02,2.54,1.82,4.24,2.18
53-3033.00,소형 트럭 운전사,2.65,3.88,2.45,1.68,4.05,2.22
53-3051.00,학교 버스 운전사,2.95,4.14,2.51,2.0,4.19,2.63
53-3052.00,"버스 운전사, 대중교통 및 도시 간 운전사",2.78,4.08,2.32,1.85,4.29,2.45
53-3053.00,셔틀 운전사 및 운전기사,2.99,4.46,2.51,2.02,4.34,2.64
53-4011.00,기관사,3.03,4.12,2.86,2.57,4.07,2.2
53-4013.00,"철도 야드 엔지니어, 디키 운영자, 호슬러",3.12,4.37,2.86,2.38,4.24,2.31
53-4031.00,철도 기관사 및 야드 마스터,3.22,4.0,3.01,2.46,3.97,2.69
53-4041.00,지하철 및 트램 운전사,2.89,4.23,2.73,2.41,4.56,2.65
53-5011.00,선원 및 해양 석유 작업자,2.95,3.86,2.71,2.33,3.65,2.58
53-5021.00,"수상 선박의 선장, 항해사 및 조타수",3.12,4.13,2.97,2.64,4.28,2.72
53-5022.00,모터보트 조종사,2.99,4.29,2.75,2.22,3.9,2.65
53-5031.00,선박 엔지니어,3.09,4.42,3.22,2.57,4.15,2.48
53-6021.00,주차 요원,2.67,3.65,2.37,1.76,3.93,2.43
53-6031.00,자동차 및 수상기기 서비스 직원,2.81,4.19,2.38,1.9,4.15,2.54
53-6041.00,교통 기술자,3.07,4.33,3.02,2.48,3.95,2.75
53-6051.01,항공 검사관,3.21,4.5,3.39,2.62,4.41,2.8
53-6051.07,"교통 차량, 장비 및 시스템 검사관 (항공 제외)",2.78,3.68,2.55,1.88,3.62,2.25
53-6061.00,승객 승무원,3.18,4.3,2.58,1.77,4.59,3.09
53-7011.00,컨베이어 운영자 및 보조원,2.83,4.03,2.7,2.04,4.2,2.41
53-7021.00,크레인 및 타워 운영자,2.77,3.87,2.54,2.11,3.88,2.12
53-7031.00,준설기 운영자,2.65,3.34,2.37,2.04,3.5,2.13
53-7041.00,호이스트 및 윈치 조작자,2.77,3.75,2.67,2.17,3.52,2.45
53-7051.00,산업용 트럭 및 트랙터 운전사,2.62,4.08,2.3,1.71,4.26,1.99
53-7061.00,차량 및 장비 청소원,2.35,3.85,2.05,1.42,3.56,1.94
53-7062.00,"노동자 및 화물, 재고, 자재 이동원 (수동)",2.53,3.88,2.22,1.74,3.62,2.02
53-7062.04,재활용 및 회수 작업자,2.54,3.8,2.23,1.88,3.68,2.19
53-7063.00,기계 급여원 및 배출원,2.53,3.72,2.2,1.67,3.37,2.0
53-7064.00,수동 포장원,2.53,4.15,2.04,1.41,3.84,1.86
53-7065.00,재고 관리 및 주문 처리 직원,2.79,3.87,2.21,1.91,3.59,2.36
53-7071.00,가스 압축기 및 가스 펌핑 스테이션 운영자,2.92,4.5,2.78,2.13,4.37,2.26
53-7072.00,펌프 운영자 (우물 헤드 펌프 운영자 제외),2.64,3.21,2.68,2.17,2.95,2.16
53-7073.00,웰헤드 펌프 운영자,2.61,4.27,2.7,1.69,4.05,1.94
53-7081.00,쓰레기 및 재활용 자원 수거원,2.45,3.37,2.1,1.26,2.96,2.04
53-7121.00,"탱크차, 트럭 및 선박 하역 작업자",2.83,4.06,2.58,2.23,3.75,2.19
11-1011.03,최고 지속 가능성 책임자,3.39,0.0,3.49,3.15,0.0,3.16
11-2022.00,영업 관리자,3.39,0.0,3.34,3.06,0.0,3.31
11-3013.01,보안 관리자,3.44,0.0,3.58,3.02,0.0,3.04
11-3031.01,재무 담당자 및 회계 관리자,3.32,0.0,3.66,3.02,0.0,2.68
11-3061.00,구매 관리자,3.37,0.0,3.19,2.9,0.0,3.26
11-3071.00,"운송, 저장 및 유통 관리자",3.25,0.0,3.19,2.98,0.0,2.87
11-3071.04,공급망 관리자,3.43,0.0,3.35,2.94,0.0,3.01
11-3111.00,보상 및 복리후생 관리자,3.25,0.0,3.06,2.96,0.0,2.84
11-3121.00,인사 관리자,3.58,0.0,3.45,3.37,0.0,3.33
11-3131.00,교육 및 개발 관리자,3.44,0.0,3.29,3.7,0.0,3.19
11-9013.00,"농부, 목장주 및 기타 농업 관리자",3.25,0.0,3.33,2.79,0.0,2.81
11-9021.00,건설 관리자,3.5,0.0,3.52,3.04,0.0,2.89
11-9111.00,의료 및 건강 서비스 관리자,3.46,0.0,3.41,3.17,0.0,3.34
11-9121.02,수자원 전문가,3.21,0.0,3.38,2.84,0.0,2.72
11-9141.00,부동산 및 커뮤니티 협회 관리자,3.29,0.0,3.01,2.55,0.0,2.76
11-9161.00,재난 관리 이사,3.61,0.0,3.67,3.38,0.0,3.57
11-9179.01,피트니스 및 웰니스 코디네이터,3.23,0.0,3.14,2.98,0.0,3.03
11-9199.01,규제 업무 관리자,3.3,0.0,3.29,2.92,0.0,2.67
11-9199.08,손실 예방 관리자,3.32,0.0,3.37,3.0,0.0,3.19
11-9199.11,브라운필드 재개발 전문가 및 현장 관리자,3.44,0.0,3.59,2.79,0.0,2.69
13-1023.00,"구매 대리인 (도매, 소매 및 농산물 제외)",3.14,0.0,3.33,2.97,0.0,2.98
13-1041.00,컴플라이언스 담당자,3.06,0.0,2.98,2.52,0.0,2.79
13-1041.01,환경 준수 검사관,3.13,0.0,3.61,3.0,0.0,2.57
13-1041.06,검시관,3.33,0.0,3.37,2.88,0.0,2.72
13-1041.07,규제 업무 전문가,3.28,0.0,3.36,2.79,0.0,2.75
13-1041.08,관세사,3.12,0.0,2.97,2.77,0.0,2.59
13-1051.00,비용 견적사,3.12,0.0,3.19,2.76,0.0,2.6
13-1075.00,노사 관계 전문가,3.53,0.0,3.37,2.88,0.0,3.26
13-1081.00,물류 전문가,3.41,0.0,3.46,2.88,0.0,2.95
13-1081.01,물류 엔지니어,3.24,0.0,3.56,3.14,0.0,2.63
13-1081.02,물류 분석가,3.02,0.0,3.33,2.67,0.0,2.52
13-1111.00,경영 분석가,3.44,0.0,3.49,2.92,0.0,3.1
13-1131.00,모금가,3.45,0.0,3.13,2.69,0.0,3.22
13-1141.00,"보상, 복리후생 및 직무 분석 전문가",3.12,0.0,3.1,2.84,0.0,2.69
13-1151.00,훈련 및 개발 전문가,3.47,0.0,3.14,3.59,0.0,3.11
13-1161.00,시장 조사 분석가 및 마케팅 전문가,3.12,0.0,3.41,2.88,0.0,2.65
13-1161.01,검색 마케팅 전략가,3.12,0.0,3.32,2.89,0.0,2.72
13-1199.04,비즈니스 연속성 계획자,3.44,0.0,3.76,3.29,0.0,2.84
13-1199.05,지속 가능성 전문가,3.24,0.0,3.25,2.75,0.0,2.65
13-1199.07,보안 관리 전문가,3.36,0.0,3.49,2.79,0.0,2.99
13-2011.00,회계사 및 감사인,3.1,0.0,3.31,2.63,0.0,2.73
13-2022.00,개인 및 사업 재산 감정사,2.78,0.0,2.97,2.46,0.0,2.53
13-2023.00,부동산 감정사 및 평가사,2.82,0.0,2.87,2.31,0.0,2.4
13-2041.00,신용 분석가,2.87,0.0,3.23,2.59,0.0,2.39
13-2052.00,개인 재무 상담사,3.16,0.0,3.33,2.68,0.0,3.08
13-2053.00,보험 인수인,2.98,0.0,3.06,2.61,0.0,2.52
13-2061.00,재무 감사관,3.35,0.0,3.59,3.18,0.0,2.74
13-2071.00,신용 상담사,3.16,0.0,3.17,2.87,0.0,2.95
13-2082.00,세무사,2.86,0.0,2.82,2.52,0.0,2.41
13-2099.01,재무 정량 분석가,3.06,0.0,3.52,2.92,0.0,2.6
13-2099.04,"사기 조사관, 수사관 및 분석가",3.37,0.0,3.45,2.86,0.0,2.77
15-1211.01,건강 정보학 전문가,3.33,0.0,3.5,3.44,0.0,2.82
15-1241.00,컴퓨터 네트워크 설계자,3.15,0.0,3.45,2.81,0.0,2.62
15-1241.01,통신 공학 전문가,2.94,0.0,3.0,2.75,0.0,2.62
15-1243.00,데이터베이스 아키텍트,2.95,0.0,3.35,2.71,0.0,2.55
15-1243.01,데이터 웨어하우징 전문가,2.93,0.0,3.18,2.48,0.0,2.44
15-1253.00,소프트웨어 품질 보증 분석가 및 테스터,3.1,0.0,3.29,2.59,0.0,2.3
15-1254.00,웹 개발자,2.79,0.0,3.17,2.8,0.0,2.48
15-1255.01,비디오 게임 디자이너,3.03,0.0,3.26,2.78,0.0,2.53
15-1299.01,웹 관리자,2.93,0.0,3.35,2.74,0.0,2.39
15-1299.02,지리 정보 시스템 기술자 및 기술자,2.83,0.0,3.06,2.45,0.0,2.32
15-1299.03,문서 관리 전문가,2.85,0.0,3.15,2.68,0.0,2.55
15-1299.05,정보 보안 엔지니어,3.1,0.0,3.23,2.74,0.0,2.53
15-1299.08,컴퓨터 시스템 엔지니어/아키텍트,3.14,0.0,3.42,2.95,0.0,2.55
15-1299.09,정보 기술 프로젝트 관리자,3.42,0.0,3.36,2.87,0.0,2.89
15-2011.00,보험 수리사,3.15,0.0,3.67,2.85,0.0,2.63
15-2021.00,수학자,2.89,0.0,3.66,3.42,0.0,2.18
15-2031.00,운영 연구 분석가,3.18,0.0,3.6,2.99,0.0,2.48
15-2041.00,통계학자,3.11,0.0,3.46,2.95,0.0,2.17
15-2041.01,생물통계학자,3.21,0.0,3.69,3.41,0.0,2.41
15-2051.01,비즈니스 인텔리전스 분석가,3.1,0.0,3.28,2.99,0.0,2.48
15-2051.02,임상 데이터 관리자,3.2,0.0,3.36,2.92,0.0,2.48
17-1011.00,건축가 (조경 및 해양 제외),3.35,0.0,3.58,3.01,0.0,2.75
17-1012.00,조경 건축가,3.41,0.0,3.37,2.82,0.0,2.91
17-1022.00,측량사,3.12,0.0,3.18,2.82,0.0,2.4
17-1022.01,지적 측량사,3.01,0.0,3.35,2.91,0.0,2.18
17-2021.00,농업 엔지니어,3.19,0.0,3.48,2.76,0.0,2.53
17-2031.00,생명공학자 및 생물의공학자,3.23,0.0,3.66,3.27,0.0,2.55
17-2041.00,화학 엔지니어,3.01,0.0,3.72,3.16,0.0,2.54
17-2051.00,토목 엔지니어,3.22,0.0,3.57,3.0,0.0,2.66
17-2051.01,교통 엔지니어,3.31,0.0,3.57,2.82,0.0,2.65
17-2051.02,수자원/하수 처리 엔지니어,3.17,0.0,3.57,2.98,0.0,2.57
17-2061.00,컴퓨터 하드웨어 엔지니어,3.12,0.0,3.45,2.95,0.0,2.31
17-2081.00,환경 엔지니어,3.39,0.0,3.49,2.96,0.0,2.57
17-2111.00,보건 및 안전 엔지니어 (광업 안전 엔지니어 및 검사관 제외),3.04,0.0,3.29,2.9,0.0,2.74
17-2111.02,화재 예방 및 보호 엔지니어,3.16,0.0,3.62,3.09,0.0,2.67
17-2112.01,인간 공학 엔지니어 및 인체 공학자,3.25,0.0,3.54,3.09,0.0,2.67
17-2112.02,검증 엔지니어,3.14,0.0,3.47,2.77,0.0,2.5
17-2112.03,제조 엔지니어,3.21,0.0,3.54,3.21,0.0,2.71
17-2121.00,해양 엔지니어 및 조선 건축가,3.21,0.0,3.69,2.89,0.0,2.49
17-2131.00,재료 엔지니어,3.16,0.0,3.51,3.01,0.0,2.62
17-2141.01,연료전지 엔지니어,3.05,0.0,3.4,2.96,0.0,2.39
17-2141.02,자동차 엔지니어,3.22,0.0,3.65,2.9,0.0,2.57
17-2161.00,원자력 엔지니어,3.31,0.0,3.68,2.99,0.0,2.55
17-2199.03,에너지 엔지니어 (풍력 및 태양광 제외),3.13,0.0,3.46,2.89,0.0,2.67
17-2199.07,광자 공학자,3.07,0.0,3.52,3.13,0.0,2.28
17-2199.08,로봇 공학자,3.14,0.0,3.61,3.26,0.0,2.48
17-2199.09,나노시스템 엔지니어,3.18,0.0,3.62,3.22,0.0,2.65
17-2199.11,태양광 에너지 시스템 엔지니어,3.13,0.0,3.45,2.76,0.0,2.55
17-3011.00,건축 및 토목 제도사,2.76,0.0,2.95,2.73,0.0,2.45
17-3023.00,전기 및 전자 공학 기술자 및 기술자,2.82,0.0,3.11,2.48,0.0,2.3
17-3024.01,로봇 기술자,2.86,0.0,3.37,2.73,0.0,2.37
17-3026.01,나노기술 공학 기술자 및 기술자,2.96,0.0,3.35,2.87,0.0,2.15
17-3027.01,자동차 공학 기술자,2.79,0.0,3.07,2.37,0.0,2.18
17-3029.01,비파괴 검사 전문가,2.74,0.0,3.21,2.82,0.0,2.31
17-3029.08,광자 기술자,2.73,0.0,2.83,2.62,0.0,2.07
17-3031.00,측량 및 지도 제작 기술자,2.7,0.0,2.77,2.42,0.0,2.44
19-1011.00,동물 과학자,3.15,0.0,3.56,3.08,0.0,2.64
19-1012.00,식품 과학자 및 기술자,3.15,0.0,3.55,3.09,0.0,2.69
19-1013.00,토양 및 식물 과학자,3.21,0.0,3.61,3.31,0.0,2.53
19-1021.00,생화학자 및 생물물리학자,3.32,0.0,3.78,3.75,0.0,2.46
19-1022.00,미생물학자,3.18,0.0,3.67,3.35,0.0,2.52
19-1029.02,분자 및 세포 생물학자,3.4,0.0,3.74,3.57,0.0,2.53
19-1029.03,유전학자,3.21,0.0,3.65,3.4,0.0,2.76
19-1031.00,자연 보호 과학자,3.07,0.0,3.14,2.65,0.0,2.7
19-1041.00,역학자,3.62,0.0,3.83,3.42,0.0,3.06
19-2011.00,천문학자,3.28,0.0,3.5,3.52,0.0,2.6
19-2021.00,대기 및 우주 과학자,3.23,0.0,3.46,3.12,0.0,2.55
19-2032.00,재료 과학자,3.13,0.0,3.57,3.01,0.0,2.53
19-2041.01,기후 변화 정책 분석가,3.14,0.0,3.39,2.94,0.0,2.77
19-2041.02,환경 복원 계획가,3.28,0.0,3.42,2.92,0.0,2.71
19-2041.03,산업 생태학자,3.14,0.0,3.56,2.99,0.0,2.58
19-2042.00,지구과학자 (수문학자 및 지리학자 제외),3.25,0.0,3.54,2.82,0.0,2.43
19-2043.00,수문학자,3.13,0.0,3.51,3.04,0.0,2.57
19-2099.01,원격 탐사 과학자 및 기술자,3.13,0.0,3.58,2.9,0.0,2.44
19-3011.00,경제학자,3.19,0.0,3.51,3.12,0.0,2.63
19-3011.01,환경 경제학자,3.1,0.0,3.37,3.17,0.0,2.56
19-3022.00,조사 연구원,3.39,0.0,3.56,3.17,0.0,2.67
19-3032.00,산업-조직 심리학자,3.62,0.0,3.58,3.33,0.0,3.2
19-3033.00,임상 및 상담 심리학자,3.44,0.0,3.5,3.19,0.0,3.44
19-3039.02,신경심리학자,3.52,0.0,3.86,3.39,0.0,3.31
19-3039.03,임상 신경심리학자,3.47,0.0,3.75,3.29,0.0,3.39
19-3041.00,사회학자,3.36,0.0,3.36,3.49,0.0,2.86
19-3051.00,도시 및 지역 계획가,3.39,0.0,3.42,2.81,0.0,2.91
19-3091.00,인류학자 및 고고학자,3.39,0.0,3.47,3.27,0.0,2.5
19-3092.00,지리학자,3.16,0.0,3.33,3.07,0.0,2.46
19-3094.00,정치학자,3.35,0.0,3.35,3.31,0.0,2.75
19-3099.01,교통 계획가,3.36,0.0,3.49,2.96,0.0,2.62
19-4012.01,정밀 농업 기술자,2.99,0.0,3.19,2.8,0.0,2.46
19-4042.00,"환경 과학 및 보호 기술자, 건강 포함",3.1,0.0,3.18,2.64,0.0,2.57
19-4043.00,지질 기술자 (수문 기술자 제외),2.68,0.0,2.8,2.32,0.0,2.3
19-4051.00,핵 기술자,2.9,0.0,3.03,2.59,0.0,2.5
19-5011.00,산업 보건 및 안전 전문가,3.16,0.0,3.43,2.93,0.0,2.88
19-5012.00,산업 보건 및 안전 기술자,3.09,0.0,3.26,2.62,0.0,2.64
21-1014.00,정신 건강 상담사,3.56,0.0,3.69,3.12,0.0,3.71
21-1022.00,의료 사회복지사,3.57,0.0,3.43,3.08,0.0,3.51
23-1022.00,"중재인, 중재자 및 조정자",3.45,0.0,3.41,2.92,0.0,3.06
25-1061.00,대학의 인류학 및 고고학 교수,3.62,0.0,3.34,3.9,0.0,2.76
25-2059.01,적응 체육 전문가,3.35,0.0,3.14,3.38,0.0,3.2
25-3041.00,튜터,3.13,0.0,2.95,3.22,0.0,2.8
25-4011.00,기록 보관사,2.99,0.0,2.91,2.7,0.0,2.46
25-9021.00,농장 및 가정 관리 교육자,3.5,0.0,3.4,3.41,0.0,3.23
27-1012.00,공예 예술가,2.38,0.0,2.53,2.03,0.0,2.45
27-1024.00,그래픽 디자이너,2.91,0.0,2.79,2.62,0.0,2.61
27-1025.00,인테리어 디자이너,3.36,0.0,3.14,2.48,0.0,3.11
27-1027.00,세트 및 전시 디자이너,3.16,0.0,3.15,2.55,0.0,2.63
27-2023.00,"심판, 심사위원 및 기타 스포츠 관계자",2.73,0.0,2.78,2.55,0.0,2.38
27-2032.00,안무가,3.34,0.0,2.89,2.92,0.0,2.87
27-3023.00,"뉴스 분석가, 기자, 언론인",3.21,0.0,2.9,2.41,0.0,2.79
27-3031.00,홍보 전문가,3.49,0.0,3.26,2.79,0.0,3.16
27-3043.05,"시인, 작사가 및 창작 작가",2.97,0.0,2.88,2.79,0.0,2.44
27-4014.00,음향 엔지니어링 기술자,2.91,0.0,2.85,2.41,0.0,2.59
27-4021.00,사진작가,2.93,0.0,2.75,2.57,0.0,2.63
29-1031.00,영양사 및 영양전문가,3.39,0.0,3.45,3.31,0.0,3.35
29-1041.00,검안사,3.32,0.0,3.59,2.81,0.0,3.04
29-1071.00,의사 보조원,3.32,0.0,3.65,3.09,0.0,3.27
29-1122.00,작업 치료사,3.39,0.0,3.34,3.33,0.0,3.18
29-1122.01,"저시력 치료사, 방향 및 이동 전문가, 시각 재활 치료사",3.16,0.0,3.18,3.32,0.0,3.08
29-1125.00,레크리에이션 치료사,3.41,0.0,3.27,2.9,0.0,3.36
29-1128.00,운동 생리학자,3.25,0.0,3.41,2.99,0.0,3.12
29-1129.01,미술 치료사,3.23,0.0,3.31,3.1,0.0,3.31
29-1129.02,음악 치료사,3.24,0.0,3.3,3.09,0.0,3.3
29-1141.01,급성기 간호사,3.45,0.0,3.54,3.27,0.0,3.33
29-1141.02,고급 실무 정신과 간호사,3.47,0.0,3.55,3.29,0.0,3.43
29-1141.03,중환자 간호사,3.41,0.0,3.48,3.08,0.0,3.25
29-1141.04,임상 간호 전문가,3.44,0.0,3.5,3.38,0.0,3.38
29-1151.00,마취 간호사,3.31,0.0,3.63,3.18,0.0,3.12
29-1161.00,간호사 조산사,3.45,0.0,3.59,3.15,0.0,3.12
29-1171.00,간호사 개업의,3.5,0.0,3.7,3.3,0.0,3.34
29-1181.00,청능사,3.39,0.0,3.59,3.32,0.0,3.13
29-1214.00,응급의학 전문의,3.65,0.0,3.94,3.4,0.0,3.55
29-1229.02,병원 의사,3.57,0.0,3.85,3.43,0.0,3.4
29-1229.05,예방의학 의사,3.74,0.0,4.02,3.66,0.0,3.5
29-1291.00,침술사,3.08,0.0,3.17,2.48,0.0,2.88
29-1299.01,자연요법 의사,3.34,0.0,3.71,3.15,0.0,3.31
29-1299.02,시각훈련사,3.14,0.0,3.49,3.01,0.0,2.98
29-2011.01,세포유전학 기술자,3.02,0.0,3.28,2.67,0.0,2.34
29-2011.02,세포병리학자,2.85,0.0,3.18,2.6,0.0,2.23
29-2011.04,조직병리학 기술자,2.73,0.0,2.83,2.57,0.0,2.37
29-2012.01,조직병리학 기술자,2.66,0.0,2.78,2.3,0.0,1.93
29-2035.00,자기 공명 영상 기술자,3.01,0.0,2.86,2.56,0.0,2.59
29-2036.00,의료 선량계산사,3.23,0.0,3.54,3.03,0.0,2.8
29-2057.00,안과 의료 기술자,2.88,0.0,2.6,2.43,0.0,2.35
29-2081.00,안경사,3.18,0.0,2.81,2.48,0.0,2.8
29-2091.00,보조기 및 의수학자,3.24,0.0,3.45,3.06,0.0,3.07
29-2099.01,신경진단기술자,3.09,0.0,3.22,2.7,0.0,2.35
29-2099.05,안과 의료 기술자,3.14,0.0,2.91,2.57,0.0,2.71
29-9092.00,유전 상담사,3.11,0.0,3.51,2.99,0.0,2.87
31-9011.00,마사지 치료사,2.65,0.0,2.66,2.49,0.0,2.37
31-9097.00,채혈사,2.87,0.0,2.67,2.54,0.0,2.67
31-9099.02,내시경 기술자,2.77,0.0,2.77,2.49,0.0,2.43
33-3021.06,정보 분석가,3.27,0.0,3.53,2.9,0.0,2.57
33-9011.00,동물 관리 직원,2.84,0.0,2.95,2.41,0.0,2.55
33-9093.00,교통 보안 검색원,2.82,0.0,2.93,2.37,0.0,2.58
35-1011.00,셰프 및 주방장,3.31,0.0,3.23,2.91,0.0,3.05
35-2013.00,가정용 요리사,2.52,0.0,2.65,2.37,0.0,2.6
39-5091.00,무대 및 공연 메이크업 아티스트,2.84,0.0,2.7,2.47,0.0,2.52
39-6012.00,컨시어지,3.14,0.0,2.69,2.09,0.0,3.02
39-9011.01,보모,2.94,0.0,2.97,2.66,0.0,3.11
39-9031.00,운동 트레이너 및 그룹 피트니스 강사,2.72,0.0,2.52,2.71,0.0,2.71
41-9022.00,부동산 판매 중개인,3.34,0.0,2.87,2.41,0.0,3.2
41-9091.00,"문전판매원, 뉴스 및 거리 판매원, 및 관련 직종 종사자",2.92,0.0,2.4,2.04,0.0,3.11
43-4041.00,"신용 승인자, 체크 검사자 및 사무원",2.88,0.0,2.66,2.15,0.0,2.5
45-3031.00,어업 및 사냥 작업자,2.39,0.0,2.55,2.23,0.0,1.94
47-4011.00,건축 및 건물 검사관,3.01,0.0,3.27,2.62,0.0,2.5
47-4011.01,에너지 감사원,3.02,0.0,3.16,2.65,0.0,2.52
47-4099.03,기후화 설치공 및 기술자,2.61,0.0,2.66,2.35,0.0,2.41
47-5032.00,"폭발물 작업자, 탄약 취급 전문가 및 발파사",2.92,0.0,3.17,2.6,0.0,2.26
49-9044.00,밀라이트,2.65,0.0,2.78,2.41,0.0,2.43
49-9063.00,악기 수리공 및 조율사,2.36,0.0,2.89,2.22,0.0,2.33
49-9094.00,자물쇠 수리공 및 금고 수리공,2.47,0.0,2.67,2.12,0.0,2.14
51-8031.00,수도 및 폐수 처리 시설 및 시스템 운영자,2.61,0.0,2.7,2.38,0.0,2.03
51-9195.00,"금속 및 플라스틱을 제외한 성형기, 모양 만들기 및 주조기",2.25,0.0,2.31,1.83,0.0,1.9
53-4022.00,"철도 제동기, 신호 및 스위치 운영자 및 기관차 화재 담당자",2.55,0.0,2.67,2.2,0.0,2.2
53-6011.00,교량 및 수문 관리인,2.53,0.0,2.48,1.98,0.0,2.2
53-6051.00,교통 검사관,2.91,0.0,3.07,2.3,0.0,2.41
